{
    "Rt_RC__31924": {
        "rmp": [
            -80.03354922532951,
            -75.40745996932097,
            -70.88357354493331,
            -66.50267887135634,
            -62.04424576452876
        ],
        "i_thresh": [
            50.0,
            100.0,
            150.0,
            200.0,
            250.0
        ]
    },
    "Rt_RC__29476": {
        "rmp": [
            -80.03497253871393,
            -75.41153688504826,
            -70.8888966043225,
            -66.50682497075574,
            -62.045112474373376
        ],
        "i_thresh": [
            50.0,
            100.0,
            150.0,
            200.0,
            250.0
        ]
    }
}