{
    "Rt_RC__31738": {
        "rmp": [
            -79.95444199203169,
            -74.94146180981863,
            -70.20255695334352,
            -65.93793005016936,
            -61.905905227988605
        ],
        "i_thresh": [
            50.0,
            100.0,
            150.0,
            200.0,
            250.0
        ]
    },
    "Rt_RC__31191": {
        "rmp": [
            -79.9568239104827,
            -74.93525740803024,
            -70.19860727195693,
            -65.95069418310189,
            -61.94209460915767
        ],
        "i_thresh": [
            50.0,
            100.0,
            150.0,
            200.0,
            250.0
        ]
    },
    "Rt_RC__32846": {
        "rmp": [
            -79.95838526024568,
            -74.94263301354725,
            -70.20993437343719,
            -65.96400296222969,
            -61.95827581464472
        ],
        "i_thresh": [
            50.0,
            100.0,
            150.0,
            200.0,
            250.0
        ]
    },
    "Rt_RC__33325": {
        "rmp": [
            -79.95135826141532,
            -74.9148853877605,
            -70.22348080398426,
            -66.10146389703016,
            -62.29254190892315
        ],
        "i_thresh": [
            50.0,
            100.0,
            150.0,
            200.0,
            250.0
        ]
    }
}