{
    "VPL_TC__37520": {
        "rmp": [
            -79.26855154501463,
            -74.90110035404935,
            -70.71401936150657,
            -67.02552638862936,
            -63.768647316595256
        ],
        "i_thresh": [
            50.0,
            100.0,
            150.0,
            200.0,
            250.0
        ]
    },
    "VPL_TC__41912": {
        "rmp": [
            -80.30493076420717,
            -77.03860182828592,
            -73.88078782101057,
            -71.0571874916715,
            -68.62385059604037
        ],
        "i_thresh": [
            50.0,
            100.0,
            150.0,
            200.0,
            250.0
        ]
    },
    "Rt_RC__28925": {
        "rmp": [
            -80.05140374198503,
            -75.45156962476075,
            -70.96560727000963,
            -66.6496086745305,
            -62.309607646383654
        ],
        "i_thresh": [
            50.0,
            100.0,
            150.0,
            200.0,
            250.0
        ]
    },
    "Rt_RC__30252": {
        "rmp": [
            -80.04047725386023,
            -75.43444913021577,
            -70.94750186176124,
            -66.63708691204494,
            -62.29888682561355
        ],
        "i_thresh": [
            50.0,
            100.0,
            150.0,
            200.0,
            250.0
        ]
    },
    "Rt_RC__31315": {
        "rmp": [
            -79.52717735127908,
            -74.42483773705904,
            -69.49372654591032,
            -64.78429531596181,
            -59.94240523290621
        ],
        "i_thresh": [
            50.0,
            100.0,
            150.0,
            200.0,
            250.0
        ]
    },
    "Rt_RC__32049": {
        "rmp": [
            -79.52943866498764,
            -74.43039692694533,
            -69.50092251099039,
            -64.79102415246246,
            -59.94745672601402
        ],
        "i_thresh": [
            50.0,
            100.0,
            150.0,
            200.0,
            250.0
        ]
    }
}