{
    "deflection_times": [
        [
            2000,
            2150
        ],
        [
            3000,
            3150
        ],
        [
            4000,
            4250
        ],
        [
            5000,
            5250
        ],
        [
            6000,
            6350
        ],
        [
            7000,
            7350
        ],
        [
            10000,
            10020
        ]
    ],
    "baseline_prob": [
        0.02148274193548387,
        0.0017078341021596456
    ],
    "ON_polyFit": [
        -2.6064987276770225e-50,
        3.5002927849960914e-47,
        -1.819990056942423e-44,
        3.9464797160645675e-42,
        3.066063161473487e-41,
        -1.4897612832154923e-37,
        5.6329016258575055e-36,
        5.817157494950228e-33,
        -3.313455208889974e-31,
        -2.3673321971846947e-28,
        2.144104549739696e-26,
        9.106095687672976e-24,
        -1.6877548064712173e-21,
        -1.9247062088785865e-19,
        1.1068235016423798e-16,
        -1.9913749608870808e-14,
        2.1350935029581864e-12,
        -1.5257480824813878e-10,
        7.445732414463608e-09,
        -2.4313803380688454e-07,
        4.907689940215379e-06,
        -4.591669345951846e-05,
        -0.00024677748272986183,
        0.010602232407395482,
        -0.09487330635162863,
        0.376949881985378
    ],
    "OFF_polyFit": [
        7.715379423662167e-42,
        -5.880548653971126e-39,
        1.8407636909791328e-36,
        -2.8247682589102124e-34,
        1.5447556023484459e-32,
        1.4261792810550834e-30,
        -2.198721090895744e-28,
        -4.861660246075482e-27,
        2.374465819174963e-24,
        -4.302412969725357e-23,
        -2.2597508692100492e-20,
        1.7605921245243395e-18,
        1.0736412775579735e-16,
        -2.9703285263862623e-14,
        2.7665357772963968e-12,
        -1.5901297853223127e-10,
        6.3207582942077545e-09,
        -1.8013318606661983e-07,
        3.7054526203013337e-06,
        -5.444980150733922e-05,
        0.0005579276700092307,
        -0.003841110667927978,
        0.016868287396376004,
        -0.04255325375823967,
        0.026363583662040797,
        0.2203168753386363
    ],
    "resetTime": true,
    "dt": 1.0,
    "plotFigs": true,
    "target_angle": 0,
    "n_cells": 180,
    "prob_compensation": 1.25,
    "yPoly_angTuning": [
        -0.0053106042632414,
        0.07319832323523882,
        -0.35077072800365233,
        0.9962195659790775
    ],
    "maximize_target_angle": true,
    "save_stim_data": true,
    "analyze_stim_data": true,
    "paper_sampling": 1.0,
    "addMouseHead": true,
    "stim_dataset_folder": "/Users/joao/Research/Models/BBP/thalamus_netpyne/stims/Minnery_2003/fig1/stim_datasets/",
    "save_figs_folder": "/Users/joao/Research/Models/BBP/thalamus_netpyne/stims/Minnery_2003/fig1/figs_stim/",
    "save_deflection_model_folder": "/Users/joao/Research/Models/BBP/thalamus_netpyne/stims/Minnery_2003/fig1/deflection_model/",
    "stims_string": "_stims|2000@2150|3000@3150|4000@4250|5000@5250|6000@6350|7000@7350|10000@10020"
}