{
    "dend_0": [
        1.9005597822890974,
        2.366259396403345,
        2.9057351668030975
    ],
    "dend_1": [
        3.411249658796978,
        3.0365943033295113,
        4.075034012527946
    ],
    "dend_2": [
        5.894599891313991,
        2.5513864282617518,
        1.7438591015721085
    ],
    "dend_3": [
        1.636476225596964
    ],
    "dend_4": [
        1.637086024455258
    ],
    "dend_5": [
        6.985351720480712,
        3.1173037635600607,
        1.7499892291595167,
        1.6947497999051924,
        1.8513664390940225
    ],
    "dend_6": [
        2.2812539703869255
    ],
    "dend_7": [
        2.33502361335569
    ],
    "dend_8": [
        3.400733221675262,
        2.9017686623157144,
        3.900000156387202
    ],
    "dend_9": [
        9.085567864965892,
        2.0201493178969057,
        1.8692796596354866
    ],
    "dend_10": [
        2.1186324394096427
    ],
    "dend_11": [
        2.118587551238099
    ],
    "dend_12": [
        8.559332846993962,
        3.556287558212506,
        1.6276659368103261
    ],
    "dend_13": [
        2.108972219665179
    ],
    "dend_14": [
        2.0940869655829215
    ],
    "dend_15": [
        1.6386047286195076,
        1.8171067447375633,
        1.9792487061235287,
        2.140745634561272,
        2.26774200978462,
        2.506954848246926,
        2.812335770257981
    ],
    "dend_16": [
        1.160589758262627
    ],
    "dend_17": [
        1.5016440838741698,
        2.3852397200585895,
        5.168420050879819,
        5.418403632716193,
        4.86963722586207
    ],
    "dend_18": [
        3.1225988631545216
    ],
    "dend_19": [
        2.9991004207101577
    ],
    "dend_20": [
        1.6075130783156764
    ],
    "dend_21": [
        1.6539811648971752
    ],
    "dend_22": [
        1.7731602595079912,
        2.1160682659710597,
        2.6011893529412746,
        1.8478762127093091,
        2.2390042069510008,
        2.4566005111618465,
        4.766650889427888
    ],
    "dend_23": [
        1.7224616063585274
    ],
    "dend_24": [
        1.9800132039705165,
        2.5005749361952785,
        2.974897013243182
    ],
    "dend_25": [
        3.043305334538658,
        5.52025640591163,
        4.754951319606632,
        3.934669279690368,
        3.0392144270426096
    ],
    "dend_26": [
        3.5935535850770224
    ],
    "dend_27": [
        6.322666702056743,
        2.888007364807809,
        2.433372864255891
    ],
    "dend_28": [
        6.279042707958229
    ],
    "dend_29": [
        5.370274080961614
    ],
    "dend_30": [
        5.554659862748961
    ],
    "dend_31": [
        1.9547570905949276
    ],
    "dend_32": [
        2.6469939763808097
    ],
    "dend_33": [
        2.865418568760258
    ],
    "dend_34": [
        3.6399152883303123
    ],
    "dend_35": [
        4.14413104917113
    ],
    "dend_36": [
        4.169868316533376
    ],
    "dend_37": [
        2.9081713074693356
    ],
    "dend_38": [
        4.114344891287833,
        10.172576802286216,
        4.507809324834391
    ],
    "dend_39": [
        2.706112536262565
    ],
    "dend_40": [
        2.7002866781865804
    ],
    "dend_41": [
        1.89791320529645
    ],
    "dend_42": [
        1.8960789731620802
    ],
    "dend_43": [
        5.798283927817215,
        4.706998561822125,
        3.785660734390283
    ],
    "dend_44": [
        1.801576770400201,
        2.203393213719033,
        2.593812987659852
    ],
    "dend_45": [
        1.8347645567522521,
        2.0889987554624962,
        2.3629030889406986
    ],
    "dend_46": [
        4.172626472200476
    ],
    "dend_47": [
        2.671223170646368
    ],
    "dend_48": [
        1.6064142124548755
    ],
    "dend_49": [
        1.6087728072307166
    ],
    "dend_50": [
        1.7639284011507894
    ],
    "dend_51": [
        1.6296335031949905
    ],
    "dend_52": [
        1.6929695976619548,
        1.8075792950660132,
        1.9086912355573131
    ],
    "dend_53": [
        2.1479690554433457,
        2.415041118856325,
        2.6395627518247946
    ],
    "dend_54": [
        2.3172450156327775
    ],
    "dend_55": [
        2.905091492882065
    ],
    "dend_56": [
        3.15068161594705
    ],
    "dend_57": [
        3.2653447598978556
    ],
    "dend_58": [
        2.089671122596538
    ],
    "dend_59": [
        2.7764242526121308,
        5.056950736534266,
        4.365946695936704
    ],
    "dend_60": [
        2.422689236393751,
        2.83062250309603,
        1.5406808642118137
    ],
    "dend_61": [
        2.068475258903288,
        5.260401911633775,
        4.625110248771405
    ],
    "dend_62": [
        2.4899671492664637,
        4.82405545414069,
        5.026638407646233
    ],
    "dend_63": [
        1.6998999308598641,
        1.9390178642734806,
        2.2045481210343523,
        2.4833178935476052,
        2.6967496887423463
    ],
    "dend_64": [
        3.0390303187081207,
        2.838432488062903,
        6.260394321606079,
        5.58404596088167,
        4.820640380150092
    ],
    "dend_65": [
        3.171426295421213,
        2.804111742070443,
        3.260084452433167,
        3.8219371569782346,
        6.493711806223635
    ],
    "dend_66": [
        5.344912141651567
    ],
    "dend_67": [
        4.713732920187288
    ],
    "dend_68": [
        3.3993585409722846
    ],
    "dend_69": [
        4.909013071249994
    ],
    "dend_70": [
        1.6512148424462658
    ],
    "dend_71": [
        2.2274655651158435
    ],
    "dend_72": [
        1.874180301593761,
        2.3050715488986704,
        2.822018018358807,
        1.78583727639201,
        2.512570561823561,
        3.120921340395238,
        3.557821400160897
    ],
    "dend_73": [
        3.6821967111592113
    ],
    "dend_74": [
        4.751997613160315
    ],
    "soma_0": [
        1.6055528387122164
    ]
}