{
    "dend_0": [
        2.9833168034661215,
        3.442615856614768,
        4.129113196025127
    ],
    "dend_1": [
        5.178624808163666,
        6.596374337038967,
        8.105498700861448
    ],
    "dend_2": [
        9.680017098073927,
        11.286618396717003,
        12.946999035273459
    ],
    "dend_3": [
        14.456727886679104
    ],
    "dend_4": [
        14.45119701522074
    ],
    "dend_5": [
        9.511489076221661,
        10.768806016513839,
        12.067355585057697,
        13.403727063920382,
        14.773539229472433
    ],
    "dend_6": [
        16.094399721256114
    ],
    "dend_7": [
        16.32059325542597
    ],
    "dend_8": [
        5.024463985012712,
        6.110971134665917,
        7.251730337806519
    ],
    "dend_9": [
        8.642002087377417,
        10.290000429409476,
        12.00554438204043
    ],
    "dend_10": [
        13.726285475198422
    ],
    "dend_11": [
        13.72607833657373
    ],
    "dend_12": [
        8.570778737937063,
        10.063355765282921,
        11.605745016205368
    ],
    "dend_13": [
        13.053763472516533
    ],
    "dend_14": [
        12.996364881563197
    ],
    "dend_15": [
        2.752256292208551,
        2.9118143013878472,
        3.0718491546465145,
        3.2387041307690008,
        3.3697574320658905,
        3.6198506740898453,
        4.008973668449487
    ],
    "dend_16": [
        4.3560701997970614
    ],
    "dend_17": [
        4.536444386345056,
        5.137098961881757,
        6.039772593962624,
        7.104589617283319,
        8.15152830995773
    ],
    "dend_18": [
        5.153189199746634
    ],
    "dend_19": [
        4.320664853482151
    ],
    "dend_20": [
        2.7261396788874075
    ],
    "dend_21": [
        2.773259862400859
    ],
    "dend_22": [
        2.8797884464131394,
        3.164964388101257,
        3.6319270173638536,
        4.022159196732339,
        4.251124085326654,
        4.502939308475946,
        6.0148041862508475
    ],
    "dend_23": [
        2.841843433076746
    ],
    "dend_24": [
        3.067885509734261,
        3.5701464284657973,
        4.8334224114635544
    ],
    "dend_25": [
        6.098896040884448,
        7.148866707024316,
        8.227764485624007,
        9.33109374121453,
        10.45292843373125
    ],
    "dend_26": [
        6.528736133727823
    ],
    "dend_27": [
        8.293007730893986,
        9.90334928058131,
        11.55846188202233
    ],
    "dend_28": [
        8.282614498948206
    ],
    "dend_29": [
        9.896930276640626
    ],
    "dend_30": [
        9.924976118834977
    ],
    "dend_31": [
        3.0480522293093126
    ],
    "dend_32": [
        3.6853779263518165
    ],
    "dend_33": [
        3.996185306619393
    ],
    "dend_34": [
        5.41557243655904
    ],
    "dend_35": [
        6.244265147504108
    ],
    "dend_36": [
        6.274542685870663
    ],
    "dend_37": [
        5.518785620024994
    ],
    "dend_38": [
        6.7392706680435,
        7.754106050111152,
        8.8065119096725
    ],
    "dend_39": [
        10.372668016678254
    ],
    "dend_40": [
        9.879337590879262
    ],
    "dend_41": [
        10.831151133097379
    ],
    "dend_42": [
        11.321827128355487
    ],
    "dend_43": [
        6.8825530978597,
        8.183651877041346,
        9.515121643337597
    ],
    "dend_44": [
        2.8718965286666007,
        3.173711663670532,
        3.542416684731468
    ],
    "dend_45": [
        2.8990945474030503,
        3.0951582828187094,
        3.3158429932885363
    ],
    "dend_46": [
        4.7808143603068824
    ],
    "dend_47": [
        3.6340293654974727
    ],
    "dend_48": [
        2.7250358616055266
    ],
    "dend_49": [
        2.7275532232250828
    ],
    "dend_50": [
        2.8340808481500597
    ],
    "dend_51": [
        2.7490274320589516
    ],
    "dend_52": [
        2.811252121942222,
        2.9239678775998543,
        3.033743409860134
    ],
    "dend_53": [
        3.2672893324709684,
        3.510609271707041,
        3.958948657962939
    ],
    "dend_54": [
        4.470481276597963
    ],
    "dend_55": [
        5.022195490849397
    ],
    "dend_56": [
        5.248538128868721
    ],
    "dend_57": [
        4.712392340696219
    ],
    "dend_58": [
        3.220497536044227
    ],
    "dend_59": [
        3.9672982672553516,
        5.382433836932,
        8.854089236026068
    ],
    "dend_60": [
        3.553340866140174,
        4.0249021566557,
        4.352438971025674
    ],
    "dend_61": [
        5.014879844372049,
        6.536024221199581,
        8.440031584110567
    ],
    "dend_62": [
        5.002976738010505,
        5.8927501427177775,
        7.735254980294047
    ],
    "dend_63": [
        2.815709496320994,
        3.035802550155244,
        3.31230801211027,
        3.641673382768964,
        3.923444441126332
    ],
    "dend_64": [
        4.496338557496912,
        5.345721953206805,
        7.334675147595923,
        8.373564095747465,
        9.425280947228753
    ],
    "dend_65": [
        4.759650120439364,
        5.642721365307043,
        6.184915496752502,
        6.999403362208227,
        8.12780888990052
    ],
    "dend_66": [
        9.188314924520348
    ],
    "dend_67": [
        10.163679365683313
    ],
    "dend_68": [
        10.818564207743707
    ],
    "dend_69": [
        9.555642165435572
    ],
    "dend_70": [
        2.7608923961468577
    ],
    "dend_71": [
        3.1818394436420094
    ],
    "dend_72": [
        2.944292384056209,
        3.330095788869827,
        3.9609477181787627,
        4.378913149974898,
        4.825311273913184,
        5.305322948585834,
        5.643794417026997
    ],
    "dend_73": [
        7.22647380781816
    ],
    "dend_74": [
        7.1720979226317665
    ],
    "soma_0": [
        2.724049961890568
    ]
}