{
    "dend_0": [
        2.9110270970432426
    ],
    "dend_1": [
        2.9216579976643717
    ],
    "dend_2": [
        3.015878666061656,
        3.2712075696815606,
        3.4395832007585723,
        3.649556187089961,
        4.672158851226153
    ],
    "dend_3": [
        2.965198987386529
    ],
    "dend_4": [
        3.0916759438953827,
        3.4200648367374518,
        4.240148745878168
    ],
    "dend_5": [
        3.080401866479098,
        3.223390572067944,
        3.4132184990578893,
        3.634544498841017,
        4.1059828515081715
    ],
    "dend_6": [
        2.931764858776473
    ],
    "dend_7": [
        2.9515926420287433
    ],
    "dend_8": [
        3.0964025753058944,
        3.3169581823146457,
        3.624391477319101,
        3.9253669316994184,
        5.193860911998544
    ],
    "dend_9": [
        3.157088795163317,
        3.65858584858151,
        4.061810028192104,
        5.046883513360678,
        6.14068956420839
    ],
    "dend_10": [
        5.450774099562592,
        6.363231361529817,
        7.515511416277602
    ],
    "dend_11": [
        6.638376232506777,
        6.505031427138356,
        7.338008213183667
    ],
    "dend_12": [
        2.9455370178856057
    ],
    "dend_13": [
        3.04674851924349,
        3.1654868199150177,
        3.2964815197981863,
        4.752208540088128,
        8.969582220719083
    ],
    "dend_14": [
        2.977927550671365
    ],
    "dend_15": [
        3.1110669074207364,
        3.269141120152385,
        3.5847839901626912,
        4.064744367849699,
        4.454408691115725
    ],
    "dend_16": [
        3.082421450277497
    ],
    "dend_17": [
        3.327868173589385,
        3.5157252902849025,
        3.6965220817071476,
        3.846754164528021,
        4.129314694888317
    ],
    "dend_18": [
        3.2378544386304386,
        3.450061362399361,
        3.7629172430537765,
        4.569699736861623,
        5.3099687164461775
    ],
    "dend_19": [
        2.911608030767251
    ],
    "dend_20": [
        2.924037771502144
    ],
    "dend_21": [
        2.9358344937532133
    ],
    "dend_22": [
        3.010333287503539,
        3.161939570712906,
        3.327283451344659,
        4.221960062171285,
        5.452546123274541
    ],
    "dend_23": [
        2.9796134985551603,
        3.093174566386724,
        3.3314820779077605,
        3.661325953013149,
        4.8545589699568525
    ],
    "dend_24": [
        2.934890432430496
    ],
    "dend_25": [
        3.064724187552082,
        3.21963973995512,
        3.401940836572648,
        3.6317729839059134,
        3.79352186781007
    ],
    "dend_26": [
        3.0181716619235384,
        3.274268822410618,
        3.4328437988578138,
        3.730536538665612,
        4.769807381923308
    ],
    "dend_27": [
        5.521536656638771
    ],
    "dend_28": [
        5.2559168927661
    ],
    "dend_29": [
        2.9143752607783897
    ],
    "dend_30": [
        3.0189101839454917,
        3.224769283361906,
        3.412721891043739,
        3.664312298391473,
        3.9470567568173465
    ],
    "dend_31": [
        2.9172156171438752
    ],
    "dend_32": [
        2.929068564686535
    ],
    "dend_33": [
        3.1144953189957856,
        3.9563461123709436,
        4.798937720537514
    ],
    "dend_34": [
        3.1002665571887,
        3.3489374378575847,
        3.5863192903957803
    ],
    "dend_35": [
        3.7957864861775032
    ],
    "dend_36": [
        3.746362192316093
    ],
    "dend_37": [
        2.933518970793995
    ],
    "dend_38": [
        2.950969295639746
    ],
    "dend_39": [
        3.1019368247213173,
        3.465247306402118,
        3.8327857219449153,
        4.2314353149120345,
        4.631630146380384,
        4.988989705635506,
        5.2855321115669875
    ],
    "dend_40": [
        3.0518493701451366,
        3.170723926141077,
        3.3200619410416605,
        3.545351314147496,
        3.868281500438348
    ],
    "dend_41": [
        2.9605196779635223
    ],
    "dend_42": [
        3.0599839958423067,
        3.250716232734818,
        3.475794638446246,
        3.8796443923216937,
        4.000577087484639
    ],
    "dend_43": [
        3.0188098943172177
    ],
    "dend_44": [
        3.124695773315235,
        3.323150283752197,
        4.715567712653849
    ],
    "dend_45": [
        3.108717111076573,
        3.2399308186426223,
        3.427561505651241,
        3.6561863518638096,
        4.0447447194977455,
        5.181011213136227,
        6.690241489953549
    ],
    "dend_46": [
        2.959208882189957,
        3.1278023707976526,
        3.816540837304283
    ],
    "dend_47": [
        5.5491268339547695,
        5.064437036462808,
        6.59153470101215
    ],
    "dend_48": [
        5.329724179925814,
        5.962920589929075,
        5.127921970811388,
        6.039279594911541,
        6.831349004635628
    ],
    "dend_49": [
        2.9210615343474755
    ],
    "dend_50": [
        2.973188261077494,
        3.0738597169209294,
        3.273311810454663
    ],
    "dend_51": [
        3.976867949328484,
        4.679532209119234,
        5.250268684540927
    ],
    "dend_52": [
        4.176275665581358,
        5.154036599568562,
        5.6489854540776046
    ],
    "dend_53": [
        3.0120587098837683,
        3.212824194944082,
        3.5767443462642263,
        3.7936443578840557,
        4.485251303488455
    ],
    "dend_54": [
        2.9101432948087247
    ],
    "dend_55": [
        2.9257419944403766
    ],
    "dend_56": [
        3.026740080773937,
        3.35439791114013,
        4.295237365458887
    ],
    "dend_57": [
        3.219878667610213,
        3.7912020285484873,
        4.850839425220571
    ],
    "dend_58": [
        2.9167862836158513
    ],
    "dend_59": [
        3.0162134142629413,
        3.1404484877931305,
        3.3001438778108403,
        3.576600992734948,
        3.9789162443569657
    ],
    "dend_60": [
        2.925662772853031
    ],
    "dend_61": [
        2.9338849621059766
    ],
    "dend_62": [
        3.0246399105870374,
        3.216093927688861,
        3.5499887892248174
    ],
    "dend_63": [
        2.949013783660732
    ],
    "dend_64": [
        3.0096003537318836,
        3.125553313814258,
        3.3520563940827035,
        3.6468089359745965,
        4.043205613370349
    ],
    "dend_65": [
        3.1761575373188395,
        3.547771325111945,
        4.255707845786007
    ],
    "dend_66": [
        2.935930670215193
    ],
    "dend_67": [
        3.000760357656255,
        3.1626674315823653,
        3.353824356039675,
        3.711354886691202,
        11.121073287493536
    ],
    "dend_68": [
        2.9956736011994733,
        3.0997075807829817,
        3.197091048713792,
        3.347366565047757,
        3.671962407971894
    ],
    "dend_69": [
        2.917492592789216
    ],
    "dend_70": [
        3.0669379117409408,
        3.3694440191244603,
        3.583639588691463
    ],
    "dend_71": [
        3.6873444019171155,
        3.9845850789644506,
        4.273048752598094
    ],
    "dend_72": [
        3.626327296055069
    ],
    "dend_73": [
        3.7602470450676213,
        4.0236120940052675,
        4.692492926770437
    ],
    "dend_74": [
        3.8803553370873347,
        4.669357126635459,
        5.5434224482774335
    ],
    "dend_75": [
        2.969735861743761
    ],
    "dend_76": [
        3.3177251083949013,
        3.8415146458290854,
        4.285198882263986
    ],
    "dend_77": [
        3.2381417768995284,
        4.455696874804922,
        5.187978848621538,
        5.123024675676638,
        5.47685339216916
    ],
    "soma_0": [
        2.909888513018811
    ]
}