{
    "dend_0": [
        0.30103836470903406
    ],
    "dend_1": [
        0.3015548744893953
    ],
    "dend_2": [
        0.30596979268654445,
        0.3129553196818763,
        0.31884933705835267,
        0.32392174078974584,
        0.32847005901156406
    ],
    "dend_3": [
        0.3387441560118933
    ],
    "dend_4": [
        0.3458515267539444
    ],
    "dend_5": [
        0.3054511434296485
    ],
    "dend_6": [
        0.30245780305760867
    ],
    "dend_7": [
        0.3055330985883931,
        0.31017388656028133,
        0.3166165672903126,
        0.3221076979123799,
        0.326811197180516,
        0.33090162033446,
        0.3345661095120827
    ],
    "dend_8": [
        0.33819711181175777
    ],
    "dend_9": [
        0.33925946817674135
    ],
    "dend_10": [
        0.3113627923724237,
        0.3248706740691819,
        0.33623432053342944,
        0.34566361895013104,
        0.3533845635056424,
        0.3596221929907917,
        0.36460133627278346,
        0.3685545693985605,
        0.3717301160683888,
        0.37440947862686713,
        0.37691923519676607
    ],
    "dend_11": [
        0.38055430462353185
    ],
    "dend_12": [
        0.3799674277827647
    ],
    "dend_13": [
        0.30172889625157573
    ],
    "dend_14": [
        0.3039218329502898,
        0.30697267394409394,
        0.31024254077591784
    ],
    "dend_15": [
        0.3144995736148903,
        0.3201511418051144,
        0.3281910916104166,
        0.334879959855488,
        0.34042479011614063,
        0.34503529603895416,
        0.3489270402494104,
        0.35233269515505483,
        0.3555115795798306,
        0.3586347194409373,
        0.36231465809801594
    ],
    "dend_16": [
        0.3156603659540216,
        0.32178499386044956,
        0.3273136084296214
    ],
    "dend_17": [
        0.3048455125700329
    ],
    "dend_18": [
        0.3090622517498758,
        0.31334283100786603,
        0.3209841667722653,
        0.3273983043469452,
        0.3327102683358987
    ],
    "dend_19": [
        0.33881815113111163
    ],
    "dend_20": [
        0.3373212574161733,
        0.34152012515825714,
        0.34533258843403436,
        0.3490292741598328,
        0.35286577689796006
    ],
    "dend_21": [
        0.31018864533944185,
        0.3160209202082156,
        0.3212895523114337
    ],
    "dend_22": [
        0.3035781487005835
    ],
    "dend_23": [
        0.3118713137006109
    ],
    "dend_24": [
        0.3190904225242049
    ],
    "dend_25": [
        0.3240797086377858,
        0.32928271413655036,
        0.3336685919452125
    ],
    "dend_26": [
        0.3398953933622068
    ],
    "dend_27": [
        0.3463161607447203
    ],
    "dend_28": [
        0.3519690745505052
    ],
    "dend_29": [
        0.35296769075423534
    ],
    "dend_30": [
        0.34489831483324934
    ],
    "dend_31": [
        0.340207770180941
    ],
    "dend_32": [
        0.325533285990246,
        0.33325468398646446,
        0.33967620090471345,
        0.34501491103390497,
        0.34949988168130286,
        0.35337947347103693,
        0.35692858350913576,
        0.36037235996268374,
        0.36421878059814855
    ],
    "dend_33": [
        0.3174284453870386
    ],
    "dend_34": [
        0.3099799907690646,
        0.31677642456024774,
        0.32253375374354876,
        0.3274391799758057,
        0.331697403390184
    ],
    "dend_35": [
        0.3369461046596102
    ],
    "dend_36": [
        0.33654120442332874
    ],
    "dend_37": [
        0.3021068328668256,
        0.30582977874114503,
        0.30937194628659165,
        0.32028241497742604,
        0.3388816406149297
    ],
    "dend_38": [
        0.3504314564124449,
        0.35980817782199626,
        0.3696892554756634
    ],
    "dend_39": [
        0.35614736268715996
    ],
    "dend_40": [
        0.30134055335974785,
        0.3024894181462792,
        0.30466532171176297,
        0.3070804681831106,
        0.3111368221285687
    ],
    "dend_41": [
        0.3140084256689646
    ],
    "dend_42": [
        0.3137943309880911
    ],
    "soma_0": [
        0.30084888343838195
    ]
}