{
    "dend_0": [
        2.0017130047022462
    ],
    "dend_1": [
        2.145975718640952
    ],
    "dend_2": [
        2.358632378474746,
        2.603201182638862,
        2.8498611841533523,
        3.0987404229759896,
        3.3498024500394212,
        3.602731516979199,
        3.8568787185968145
    ],
    "dend_3": [
        2.3634064543797537,
        2.617617139170733,
        2.874135900067941,
        3.1331426578039547,
        3.394614695062767,
        3.6582301095722376,
        3.9232709996897874
    ],
    "dend_4": [
        2.118548144997275
    ],
    "dend_5": [
        2.2927403676315334,
        2.5151223778677156,
        2.7391201485528986,
        2.964779218493962,
        3.1920403158763153,
        3.4206362744843317,
        3.6500415002523723
    ],
    "dend_6": [
        2.385929027103951
    ],
    "dend_7": [
        2.662824521229247
    ],
    "dend_8": [
        2.7070344285478396,
        2.94295386698012,
        3.179476593755056
    ],
    "dend_9": [
        1.979024190561075
    ],
    "dend_10": [
        2.1547541005842388,
        2.4192317178451543,
        2.6861108205088837,
        2.955942695327817,
        3.2292519975615943,
        3.5064086678521313,
        3.7875704317448373,
        4.072614107793486,
        4.361037376618618,
        4.7699124008118075,
        5.963393665707897
    ],
    "dend_11": [
        2.063156326704331,
        2.1420775458118557,
        2.236148784245038,
        2.398834371745019,
        2.7030694206410386
    ],
    "dend_12": [
        2.9548246118649173
    ],
    "dend_13": [
        2.9761322144165328,
        3.2145796158307327,
        3.4557747688006857,
        3.69968930753827,
        3.9461343474878077,
        4.194698737742566,
        4.444681536515382
    ],
    "dend_14": [
        2.0880051649870195,
        2.370883045046375,
        2.6563795829079884,
        2.945234276368676,
        3.2382046630604533,
        3.5359458828155237,
        3.838896003081096,
        4.147210354587008,
        4.460701901098926,
        4.778703254556992,
        5.099981081431001
    ],
    "dend_15": [
        1.9727821097169378
    ],
    "dend_16": [
        2.0539296392688358,
        2.133884918013947,
        2.212857182809063
    ],
    "dend_17": [
        2.3641036019322557,
        2.588975185151408,
        2.814897583961257,
        3.0416502045360887,
        3.268790976380295
    ],
    "dend_18": [
        2.3764829863822166,
        2.627024151643503,
        2.8798431366128967,
        3.1351406378711357,
        3.39329052809765
    ],
    "dend_19": [
        3.6664962500367206,
        3.955361298426139,
        4.248813223557056,
        4.547311366641309,
        4.851322656717679,
        5.161205602948878,
        5.477206034723399,
        5.79936653858852,
        6.127530676763246
    ],
    "dend_20": [
        6.527561767586683
    ],
    "dend_21": [
        6.5299386981448935
    ],
    "dend_22": [
        3.7513663259822168
    ],
    "dend_23": [
        2.149830842188511,
        2.4232908927521595,
        2.6989822317845635,
        2.977322188427087,
        3.258849691286718,
        3.5441736719858543,
        3.8339240773859578,
        4.128692631916204,
        4.42899148074585,
        4.735177936102404,
        5.047412077094882,
        5.365577403240917,
        5.689268040779305,
        6.017699622410548,
        6.349613464640019
    ],
    "soma_0": [
        1.9469288046547586
    ]
}