{
    "dend_0": [
        2.796222650307447
    ],
    "dend_1": [
        2.8064616532165676
    ],
    "dend_2": [
        2.8987608139121765,
        3.1535710102783723,
        3.3205351077318874,
        3.530368444720285,
        4.616803645647815
    ],
    "dend_3": [
        2.8490557693842162
    ],
    "dend_4": [
        2.974057696416695,
        3.3013055459857896,
        4.087738316229633
    ],
    "dend_5": [
        2.962996720837127,
        3.107170742127084,
        3.2958172197326934,
        3.511243964980975,
        3.982302725892809
    ],
    "dend_6": [
        2.8149705833853473
    ],
    "dend_7": [
        2.8333064298753543
    ],
    "dend_8": [
        2.9755797242447697,
        3.1971694470465457,
        3.495054632143431,
        3.7816243347481038,
        5.254523809220241
    ],
    "dend_9": [
        3.028930791117048,
        3.5169721922973105,
        3.8855128267439767,
        4.697678928378907,
        5.585747876172093
    ],
    "dend_10": [
        6.6364019999334705,
        7.857498510150745,
        9.101138754163754
    ],
    "dend_11": [
        6.422214480425618,
        7.20108370981094,
        7.987555364252721
    ],
    "dend_12": [
        2.8277337806628386
    ],
    "dend_13": [
        2.9271133171793324,
        3.045466508349466,
        3.176871157136818,
        4.689929461451729,
        10.025020723001715
    ],
    "dend_14": [
        2.85892098201386
    ],
    "dend_15": [
        2.9904654359313962,
        3.150747404798932,
        3.458216755369302,
        3.886486307376983,
        4.251112753339742
    ],
    "dend_16": [
        2.9620636062608203
    ],
    "dend_17": [
        3.21106340489091,
        3.3952801104983643,
        3.5661130545858986,
        3.7085809343794076,
        4.000407246411715
    ],
    "dend_18": [
        3.1196059543211354,
        3.332171344558242,
        3.629474786549901,
        4.354473739643235,
        5.226223552353217
    ],
    "dend_19": [
        2.796777636759664
    ],
    "dend_20": [
        2.8086762457454055
    ],
    "dend_21": [
        2.820138720517678
    ],
    "dend_22": [
        2.893207740834345,
        3.0442026744389437,
        3.20985211152709,
        4.094843858799819,
        5.762330560850419
    ],
    "dend_23": [
        2.8629786610784334,
        2.975228042808489,
        3.214163025051829,
        3.533586125016871,
        4.7646298218684855
    ],
    "dend_24": [
        2.8192031538504088
    ],
    "dend_25": [
        2.946970275471697,
        3.103697801220186,
        3.285148933531685,
        3.504082967984909,
        3.6643557845408505
    ],
    "dend_26": [
        2.9004258911724046,
        3.156594272871507,
        3.3135067974291252,
        3.598700693836075,
        4.534704804325522
    ],
    "dend_27": [
        5.374559602623129
    ],
    "dend_28": [
        5.943533588042309
    ],
    "dend_29": [
        2.7993187583383157
    ],
    "dend_30": [
        2.9009166676260127,
        3.10793531637224,
        3.2949883167602803,
        3.5291034017905947,
        3.7785105230728773
    ],
    "dend_31": [
        2.801961684343447
    ],
    "dend_32": [
        2.813377351635863
    ],
    "dend_33": [
        2.995787552586699,
        3.8119842445844356,
        4.676114420152656
    ],
    "dend_34": [
        2.981846772582703,
        3.232014112458088,
        3.457252167635202
    ],
    "dend_35": [
        3.654613962235961
    ],
    "dend_36": [
        3.6079379577754946
    ],
    "dend_37": [
        2.81731074359563
    ],
    "dend_38": [
        2.8340244516951754
    ],
    "dend_39": [
        2.981991888554945,
        3.3438401153287316,
        3.6807742579493574,
        4.018623917486543,
        4.35842870451052,
        4.700714105684359,
        5.0454970218941195
    ],
    "dend_40": [
        2.9335075768852077,
        3.052825196253359,
        3.2037006567849864,
        3.4251146786193964,
        3.7493090506527462
    ],
    "dend_41": [
        2.843252188430828
    ],
    "dend_42": [
        2.9409786523043295,
        3.133561849483674,
        3.35633127525651,
        3.7205789364894266,
        3.8318805916904246
    ],
    "dend_43": [
        2.9003820125603648
    ],
    "dend_44": [
        3.0054328484216035,
        3.2047213267765082,
        4.635924878253819
    ],
    "dend_45": [
        2.9896306505443375,
        3.122566678945681,
        3.3102468642006606,
        3.5271915810286294,
        3.884543590762848,
        5.012125951281063,
        7.65601051269915
    ],
    "dend_46": [
        2.841767242939975,
        3.004022282631534,
        3.663715035408395
    ],
    "dend_47": [
        5.138723250845274,
        6.399436755567567,
        7.684244094023198
    ],
    "dend_48": [
        4.917290841763292,
        5.723765747240329,
        6.541068283543147,
        7.3688436769466605,
        8.205746767849595
    ],
    "dend_49": [
        2.8060239194288346
    ],
    "dend_50": [
        2.8567806673177083,
        2.955849456246664,
        3.155913315022161
    ],
    "dend_51": [
        3.841746985526702,
        4.5517190226983315,
        5.267407016400399
    ],
    "dend_52": [
        4.011036745530347,
        5.06538492933563,
        6.134800512925882
    ],
    "dend_53": [
        2.8950356990622406,
        3.096064447324228,
        3.4490637386560374,
        3.65330937043366,
        4.354725168439445
    ],
    "dend_54": [
        2.7954519925011145
    ],
    "dend_55": [
        2.8106288814936136
    ],
    "dend_56": [
        2.9095651443831434,
        3.236682192180242,
        4.176405649073691
    ],
    "dend_57": [
        3.1027756279681813,
        3.649232511773457,
        4.729877309134634
    ],
    "dend_58": [
        2.8019046097547355
    ],
    "dend_59": [
        2.899431904744935,
        3.023194060856901,
        3.1839787298167934,
        3.455192766106391,
        3.8569862983988386
    ],
    "dend_60": [
        2.81058878345233
    ],
    "dend_61": [
        2.818628607308949
    ],
    "dend_62": [
        2.9078074221602286,
        3.099224728284586,
        3.43071248073594
    ],
    "dend_63": [
        2.8334283660079724
    ],
    "dend_64": [
        2.892962865876753,
        3.008346392816757,
        3.2360586853703666,
        3.5195281503773033,
        3.9010995894330134
    ],
    "dend_65": [
        3.0583504715974668,
        3.4276470916900417,
        4.1341827505997575
    ],
    "dend_66": [
        2.8206370120388384
    ],
    "dend_67": [
        2.884150042344192,
        3.0451257954541435,
        3.2364472821747996,
        3.5908620112445906,
        12.161876043687142
    ],
    "dend_68": [
        2.879317590873944,
        2.9826549305282097,
        3.0810448781243256,
        3.2315911800543526,
        3.552615885392103
    ],
    "dend_69": [
        2.8019760648668828
    ],
    "dend_70": [
        2.940850500496149,
        3.245411704475323,
        3.4529929013855862
    ],
    "dend_71": [
        3.5517837795597327,
        3.8396761713142578,
        4.128357896216523
    ],
    "dend_72": [
        3.492667606036989
    ],
    "dend_73": [
        3.62590056090457,
        3.8869749684628396,
        4.557305250357506
    ],
    "dend_74": [
        3.7437561600521634,
        4.4675312092777855,
        5.539786060413198
    ],
    "dend_75": [
        2.851638119497743
    ],
    "dend_76": [
        3.1975168445108912,
        3.7074314033835267,
        4.145998569364006
    ],
    "dend_77": [
        3.115276251573574,
        4.234316128521339,
        5.897868143431634,
        6.9619398399069405,
        7.816966109632602
    ],
    "soma_0": [
        2.795205488557018
    ]
}