{
    "dend_0": [
        0.45045229856845914,
        0.4807425077255462,
        0.5203251528898528
    ],
    "dend_1": [
        0.5609018377279492,
        0.5958495700598957,
        0.6166800088047599
    ],
    "dend_2": [
        0.6275279250811563,
        0.6357028640508563,
        0.6434573189599024
    ],
    "dend_3": [
        0.655117666746889
    ],
    "dend_4": [
        0.655085201345619
    ],
    "dend_5": [
        0.6265317054973303,
        0.6328622502397493,
        0.6365957090047846,
        0.6397742305941833,
        0.6440682295025013
    ],
    "dend_6": [
        0.6531941757725155
    ],
    "dend_7": [
        0.6542599159712833
    ],
    "dend_8": [
        0.5546191120285163,
        0.5804019694259843,
        0.5973631599130177
    ],
    "dend_9": [
        0.6098096187020499,
        0.6191248970068752,
        0.6260471286095077
    ],
    "dend_10": [
        0.6380894440725271
    ],
    "dend_11": [
        0.6380885563924201
    ],
    "dend_12": [
        0.6092717266390447,
        0.6191222008325661,
        0.6279664347018044
    ],
    "dend_13": [
        0.6401005208373228
    ],
    "dend_14": [
        0.6397268804382127
    ],
    "dend_15": [
        0.4339899010084693,
        0.44376002914719737,
        0.4523860267238201,
        0.46030199736000305,
        0.46585500004873565,
        0.4751559470170538,
        0.486961227210581
    ],
    "dend_16": [
        0.49534651248227035
    ],
    "dend_17": [
        0.49908644753279935,
        0.5099873015755555,
        0.5233908637854161,
        0.5366644516621135,
        0.5503176724492727
    ],
    "dend_18": [
        0.5097021366277705
    ],
    "dend_19": [
        0.4941252103834378
    ],
    "dend_20": [
        0.4322982717220312
    ],
    "dend_21": [
        0.4363867891231163
    ],
    "dend_22": [
        0.4425078755368961,
        0.4518994635208785,
        0.46460222491167386,
        0.4732227225101703,
        0.47766540163446936,
        0.48231497656950356,
        0.5084085795032893
    ],
    "dend_23": [
        0.441995188108063
    ],
    "dend_24": [
        0.45509585971832794,
        0.4788971811093711,
        0.5218644751400333
    ],
    "dend_25": [
        0.5458224088215242,
        0.5586413083855851,
        0.5695814984983404,
        0.5807130257735199,
        0.5933634378639298
    ],
    "dend_26": [
        0.5522744468110907
    ],
    "dend_27": [
        0.5687549008960849,
        0.5828267466434722,
        0.5990193677547215
    ],
    "dend_28": [
        0.5683535486080731
    ],
    "dend_29": [
        0.5846105800977921
    ],
    "dend_30": [
        0.5848097355291624
    ],
    "dend_31": [
        0.4536985971408614
    ],
    "dend_32": [
        0.4749122957009474
    ],
    "dend_33": [
        0.4928627424387621
    ],
    "dend_34": [
        0.5269336665128758
    ],
    "dend_35": [
        0.5404754668415873
    ],
    "dend_36": [
        0.5409413855428128
    ],
    "dend_37": [
        0.5317600665122358
    ],
    "dend_38": [
        0.5495252525232784,
        0.5593993324275471,
        0.5653174847465109
    ],
    "dend_39": [
        0.5779728590883705
    ],
    "dend_40": [
        0.5717336803853986
    ],
    "dend_41": [
        0.5810662047575097
    ],
    "dend_42": [
        0.5846837816429092
    ],
    "dend_43": [
        0.5511623209469092,
        0.5659728596465633,
        0.581625683772727
    ],
    "dend_44": [
        0.4366768458481715,
        0.4443063882484054,
        0.45249341404706245
    ],
    "dend_45": [
        0.43755229876949225,
        0.4430328559510377,
        0.4485895428964248
    ],
    "dend_46": [
        0.4775059383867806
    ],
    "dend_47": [
        0.45571660434777334
    ],
    "dend_48": [
        0.4322178293095191
    ],
    "dend_49": [
        0.43247879302481806
    ],
    "dend_50": [
        0.43521364227331305
    ],
    "dend_51": [
        0.434610644069303
    ],
    "dend_52": [
        0.43978957557218495,
        0.4470905834531501,
        0.4534974399092527
    ],
    "dend_53": [
        0.46258824169734664,
        0.4697468832049901,
        0.4807800815430008
    ],
    "dend_54": [
        0.4909034076312525
    ],
    "dend_55": [
        0.5005496632085753
    ],
    "dend_56": [
        0.5044010678095283
    ],
    "dend_57": [
        0.4953942471164211
    ],
    "dend_58": [
        0.4621564876673114
    ],
    "dend_59": [
        0.4824494893786486,
        0.507776684663994,
        0.5538175783556214
    ],
    "dend_60": [
        0.47440590957297574,
        0.48796669163593726,
        0.49563661018350513
    ],
    "dend_61": [
        0.5080478296768025,
        0.5309575570476349,
        0.556321211159238
    ],
    "dend_62": [
        0.507743586718979,
        0.5210222311851407,
        0.5461344697541366
    ],
    "dend_63": [
        0.44024517337344604,
        0.45547999637411657,
        0.4725234236100344,
        0.48997710463160155,
        0.5027205190197732
    ],
    "dend_64": [
        0.5204269715107003,
        0.5374848058759987,
        0.5615859587168065,
        0.5695104424464339,
        0.5801589211821316
    ],
    "dend_65": [
        0.5293353897557677,
        0.5483052848194987,
        0.5568903959046008,
        0.5668359186879179,
        0.5762479640216495
    ],
    "dend_66": [
        0.5851518910965602
    ],
    "dend_67": [
        0.5973285528212106
    ],
    "dend_68": [
        0.6031719262390869
    ],
    "dend_69": [
        0.5870387342720241
    ],
    "dend_70": [
        0.43418208073641423
    ],
    "dend_71": [
        0.4451809586885997
    ],
    "dend_72": [
        0.4430708986644577,
        0.4587842363994506,
        0.47828849078290625,
        0.4879603840891543,
        0.4962773904453301,
        0.5037404200309449,
        0.5085918562499108
    ],
    "dend_73": [
        0.5326367259984912
    ],
    "dend_74": [
        0.5302232812542008
    ],
    "soma_0": [
        0.4321128064693857
    ]
}