{
    "dend_0": [
        0.30545783698027507
    ],
    "dend_1": [
        0.31387672288021035
    ],
    "dend_2": [
        0.32227618461344104,
        0.32970936764813813,
        0.3363882332583458,
        0.3424463336092517,
        0.34799452310126144,
        0.35311438755042124,
        0.3577692877804126
    ],
    "dend_3": [
        0.3225150502267622,
        0.3303471345984281,
        0.33735004968987176,
        0.3436779509789557,
        0.3494514245147632,
        0.35476336605188147,
        0.3595817732155078
    ],
    "dend_4": [
        0.3120251613997855
    ],
    "dend_5": [
        0.31832879763362293,
        0.32499989870348234,
        0.33104991402396927,
        0.33658370269361476,
        0.3416849151381287,
        0.34641276407328025,
        0.35073713054408556
    ],
    "dend_6": [
        0.3207580483156432
    ],
    "dend_7": [
        0.3276081147980074
    ],
    "dend_8": [
        0.32890149529844426,
        0.3341843293392323,
        0.33904750949932816
    ],
    "dend_9": [
        0.3038514031420245
    ],
    "dend_10": [
        0.31357363064176086,
        0.3248422404010398,
        0.334653447716289,
        0.3432886705440032,
        0.3509685478792143,
        0.35786513322437546,
        0.364107972038431,
        0.3698052727034487,
        0.37471861484851954,
        0.38173243946628094,
        0.4016765724984848
    ],
    "dend_11": [
        0.30945744255308144,
        0.31346921784564213,
        0.31777109388177815,
        0.3243897867587322,
        0.33511843202834
    ],
    "dend_12": [
        0.341893072545841
    ],
    "dend_13": [
        0.34328720716762123,
        0.3495451760331799,
        0.3552693974567151,
        0.36053892865181125,
        0.365420093718331,
        0.3697335352994441,
        0.37407682383428614
    ],
    "dend_14": [
        0.3090958257077769,
        0.32298373434355626,
        0.33492139809296817,
        0.3452800131696047,
        0.354356987224897,
        0.3623879585351202,
        0.3695520826726027,
        0.37599091020893866,
        0.3817390592118164,
        0.38679532617528223,
        0.3920583952744482
    ],
    "dend_15": [
        0.3040259978900996
    ],
    "dend_16": [
        0.3115028184156147,
        0.3176255819450704,
        0.32334820466987607
    ],
    "dend_17": [
        0.3292614675040337,
        0.33516044628128144,
        0.34054522538736987,
        0.3455008994485963,
        0.35009619602473324
    ],
    "dend_18": [
        0.333935062547901,
        0.3486590320773703,
        0.3620396831939697,
        0.37409923161887043,
        0.38490308152538905
    ],
    "dend_19": [
        0.39484111146188017,
        0.4040020630402338,
        0.41219719858354736,
        0.41953567710086154,
        0.4261202013990231,
        0.43205124431978675,
        0.43742836530098317,
        0.4423544573603411,
        0.44693788848941546
    ],
    "dend_20": [
        0.4520618527994769
    ],
    "dend_21": [
        0.4520887382820715
    ],
    "dend_22": [
        0.39423959215785576
    ],
    "dend_23": [
        0.3168499124843538,
        0.33257099323633,
        0.34656648374054955,
        0.3589706718350205,
        0.3699541787629048,
        0.3796942883249108,
        0.38835201119409807,
        0.39607247876653606,
        0.40298342028601747,
        0.4092001190730962,
        0.4148304447846371,
        0.4199814707360567,
        0.42423138050820985,
        0.4287032809694005,
        0.4335293370412899
    ],
    "soma_0": [
        0.30122076819808347
    ]
}