{
    "dend_0": [
        0.33308632048447984
    ],
    "dend_1": [
        0.3333317187781073
    ],
    "dend_2": [
        0.3345218994433388,
        0.3370041059543081,
        0.3384220115873109,
        0.33999153603017085,
        0.3465319156269607
    ],
    "dend_3": [
        0.3341275959409591
    ],
    "dend_4": [
        0.33565457758662476,
        0.3387306721739976,
        0.3441848119813465
    ],
    "dend_5": [
        0.33561514054608405,
        0.3371802138303828,
        0.33892914370345967,
        0.34064118988770264,
        0.3437982163759233
    ],
    "dend_6": [
        0.33383633437766635
    ],
    "dend_7": [
        0.33435809546549683
    ],
    "dend_8": [
        0.33608107464674464,
        0.33829423316177015,
        0.3408021711868338,
        0.34284259330551514,
        0.35061309208157765
    ],
    "dend_9": [
        0.3371344800634273,
        0.34268004421688447,
        0.345890438740535,
        0.3509151329482448,
        0.35385975575420947
    ],
    "dend_10": [
        0.35539232657966163,
        0.357868844593827,
        0.36015889477114515
    ],
    "dend_11": [
        0.3551537796372907,
        0.35689957421068325,
        0.3583416543077303
    ],
    "dend_12": [
        0.33428636421184266
    ],
    "dend_13": [
        0.33547158196611276,
        0.3366509536735664,
        0.33778408445389546,
        0.34727106479709563,
        0.3592185286446093
    ],
    "dend_14": [
        0.33507010480487504
    ],
    "dend_15": [
        0.3370727865667325,
        0.33892531782813506,
        0.3418163983007107,
        0.34498005385594643,
        0.34718348671184707
    ],
    "dend_16": [
        0.33699011254241207
    ],
    "dend_17": [
        0.3400307043607798,
        0.34174774437794087,
        0.3431324839008302,
        0.3441633128184204,
        0.3460376044642196
    ],
    "dend_18": [
        0.339062164643498,
        0.34110534958224403,
        0.3435215572426382,
        0.34807214714136014,
        0.3520384288361017
    ],
    "dend_19": [
        0.3331416856221802
    ],
    "dend_20": [
        0.33356773941741635
    ],
    "dend_21": [
        0.33387988559416026
    ],
    "dend_22": [
        0.33479722108653853,
        0.3364062624907488,
        0.33789810209273863,
        0.34403192781180925,
        0.3518268790219922
    ],
    "dend_23": [
        0.3344594978608995,
        0.3357553891148316,
        0.3381019071622864,
        0.3407160055337078,
        0.34793698306528925
    ],
    "dend_24": [
        0.33386495269238303
    ],
    "dend_25": [
        0.33567999253339237,
        0.33757293185981346,
        0.33940331544037505,
        0.34125875131102185,
        0.34240720758813853
    ],
    "dend_26": [
        0.33495559101898353,
        0.3378829592880884,
        0.33940432343184884,
        0.3417406190074676,
        0.34749617675007927
    ],
    "dend_27": [
        0.3510632398301417
    ],
    "dend_28": [
        0.35292201250473354
    ],
    "dend_29": [
        0.33329872834437707
    ],
    "dend_30": [
        0.3349292595365908,
        0.3376666231481926,
        0.33971429661293834,
        0.3418321863116387,
        0.3437141956798133
    ],
    "dend_31": [
        0.3334255192779633
    ],
    "dend_32": [
        0.3336793204988545
    ],
    "dend_33": [
        0.3356327509650493,
        0.3419956889244581,
        0.34688146794116853
    ],
    "dend_34": [
        0.3359644565480126,
        0.3387674718894046,
        0.340851289623617
    ],
    "dend_35": [
        0.342366567647288
    ],
    "dend_36": [
        0.3420264855578206
    ],
    "dend_37": [
        0.3340268375166973
    ],
    "dend_38": [
        0.33457398905529795
    ],
    "dend_39": [
        0.33642874611883766,
        0.34019380527336984,
        0.3430211049421519,
        0.3453452619537908,
        0.34730224679289057,
        0.3490097590312716,
        0.35051746375199416
    ],
    "dend_40": [
        0.3360220217292391,
        0.3374826287527854,
        0.3390272182896744,
        0.3409090024519823,
        0.34319526288397
    ],
    "dend_41": [
        0.3348408646576693
    ],
    "dend_42": [
        0.33634318744682545,
        0.3386641999575534,
        0.3408929780099806,
        0.3438528415406704,
        0.3446162801086012
    ],
    "dend_43": [
        0.3359615396472868
    ],
    "dend_44": [
        0.33720757983363014,
        0.33892896603880224,
        0.34795636851284556
    ],
    "dend_45": [
        0.3372796693906985,
        0.3388901277221254,
        0.34083946443335156,
        0.3427618919113628,
        0.34536004265643755,
        0.3511840348668959,
        0.3596197348000559
    ],
    "dend_46": [
        0.33376932022770234,
        0.3359673950270596,
        0.3427835573819531
    ],
    "dend_47": [
        0.3511417445525676,
        0.35473080334313,
        0.3578368412297266
    ],
    "dend_48": [
        0.3503033973949819,
        0.35278796880656244,
        0.35494197316676157,
        0.35693220598990266,
        0.3585235557265079
    ],
    "dend_49": [
        0.33324503971136366
    ],
    "dend_50": [
        0.3339799906395699,
        0.3351302507481664,
        0.3371469345960184
    ],
    "dend_51": [
        0.342504848781589,
        0.3466226854489605,
        0.34993829121612735
    ],
    "dend_52": [
        0.34366094885976456,
        0.348925938881319,
        0.35291947517892525
    ],
    "dend_53": [
        0.33448593249190084,
        0.33673063159351146,
        0.339960792642631,
        0.3415020479585455,
        0.3458364347091499
    ],
    "dend_54": [
        0.3330473876905941
    ],
    "dend_55": [
        0.33328771898926285
    ],
    "dend_56": [
        0.3344551965510535,
        0.337219936796113,
        0.3435975482148032
    ],
    "dend_57": [
        0.33652663149600526,
        0.34104231084020875,
        0.34727428706046387
    ],
    "dend_58": [
        0.33331154574675215
    ],
    "dend_59": [
        0.33483758360958865,
        0.33629860522438637,
        0.3378945969565428,
        0.3401476880005809,
        0.3429213189362818
    ],
    "dend_60": [
        0.33364283170762093
    ],
    "dend_61": [
        0.33383978416640575
    ],
    "dend_62": [
        0.3350137295764321,
        0.33697627226260407,
        0.33969663053287413
    ],
    "dend_63": [
        0.334120055129596
    ],
    "dend_64": [
        0.33501390765277655,
        0.3364551088205715,
        0.3388131443070847,
        0.3411971954689217,
        0.3438308178364358
    ],
    "dend_65": [
        0.3363233466501155,
        0.3393609929016234,
        0.3440463796879347
    ],
    "dend_66": [
        0.33387144183331585
    ],
    "dend_67": [
        0.33474911079770603,
        0.33651889982351335,
        0.3382915923921027,
        0.34102881612586056,
        0.3671241129735757
    ],
    "dend_68": [
        0.33476422214693224,
        0.3360648455835018,
        0.3371228464883737,
        0.3385035391199743,
        0.34098372357957013
    ],
    "dend_69": [
        0.33322745611523164
    ],
    "dend_70": [
        0.3361751346568772,
        0.3414131356918742,
        0.34423791067594994
    ],
    "dend_71": [
        0.34517780017174343,
        0.347260844513635,
        0.3490533559880161
    ],
    "dend_72": [
        0.3446776196537034
    ],
    "dend_73": [
        0.34572181996245055,
        0.34751175937197193,
        0.3513373684369528
    ],
    "dend_74": [
        0.3465954957412847,
        0.35094686701060374,
        0.3554512498728247
    ],
    "dend_75": [
        0.3340223652889023
    ],
    "dend_76": [
        0.3373151617936644,
        0.3411815125589903,
        0.34395799261997695
    ],
    "dend_77": [
        0.3369056586518512,
        0.3456782978766136,
        0.3517900388896146,
        0.35447234076930817,
        0.35628026519176437
    ],