{
    "dend_0": [
        1.3310745445001237
    ],
    "dend_1": [
        1.5460500149232563
    ],
    "dend_2": [
        1.930037139539524,
        2.4025987903522266,
        2.834014544172345,
        3.1919626074697467,
        3.4805281576193225,
        3.7274544482133507,
        3.92659641359273
    ],
    "dend_3": [
        1.937977648617006,
        2.42988364645156,
        2.8806911306571097,
        3.2501359534151057,
        3.547421408632503,
        3.799426480104858,
        3.9990085770232975
    ],
    "dend_4": [
        1.5077079791807144
    ],
    "dend_5": [
        1.8231140862258677,
        2.254171419104832,
        2.6511088970213987,
        2.9894848758088703,
        3.2655863133040497,
        3.5055216719234834,
        3.708239580487924
    ],
    "dend_6": [
        2.0208705869783787
    ],
    "dend_7": [
        2.470642582166622
    ],
    "dend_8": [
        2.5604170459460924,
        2.8630003288594286,
        3.1177467960394214
    ],
    "dend_9": [
        1.2987283140755603
    ],
    "dend_10": [
        1.5680199013585019,
        2.0231979919713683,
        2.54488145320534,
        3.061586262630692,
        3.5037858234183252,
        3.869163254565498,
        4.15747456494155,
        4.36650904685303,
        4.491158267347322,
        4.481073283259692,
        3.525925322441825
    ],
    "dend_11": [
        1.427465645780375,
        1.5573533949194274,
        1.7185751403586484,
        2.014474525665066,
        2.626194426207888
    ],
    "dend_12": [
        3.0413612826685426
    ],
    "dend_13": [
        3.1363514370910393,
        3.4869448458608194,
        3.7753295540682896,
        4.011709470750122,
        4.198697726823176,
        4.340301043620673,
        4.3985635479979885
    ],
    "dend_14": [
        1.471760123230733,
        1.935318539738728,
        2.472842553927141,
        3.041842478219611,
        3.546273967223922,
        3.969505407581693,
        4.295392787071042,
        4.5133385947734865,
        4.619414336647425,
        4.609962224159406,
        4.460418370621279
    ],
    "dend_15": [
        1.2840345989466362
    ],
    "dend_16": [
        1.3919443905648885,
        1.5071785381229754,
        1.627696999867193
    ],
    "dend_17": [
        1.8917873947364618,
        2.2899319461956393,
        2.6294273203737952,
        2.9124037682162762,
        3.1505677550912803
    ],
    "dend_18": [
        1.8572966363580716,
        2.2115950858156297,
        2.607638652851516,
        3.047469783749825,
        3.497976482497724
    ],
    "dend_19": [
        3.917260515706996,
        4.247976753397486,
        4.485009668635929,
        4.656249732672399,
        4.773541737590153,
        4.8369222879671065,
        4.842768020869236,
        4.787061512941692,
        4.670246230383414
    ],
    "dend_20": [
        4.416344151098045
    ],
    "dend_21": [
        4.415003713957463
    ],
    "dend_22": [
        3.8804740536610693
    ],
    "dend_23": [
        1.5364569151473915,
        1.9463125262593233,
        2.3947653125980177,
        2.8919057488004034,
        3.38627261668554,
        3.841748516029732,
        4.223148235442616,
        4.5045594606954324,
        4.688840944277518,
        4.787469254973411,
        4.8052958889165645,
        4.741073841206883,
        4.602801192956283,
        4.392580395111197,
        4.105132953457068
    ],
    "soma_0": [
        1.251629442270745
    ]
}