{
    "dend_0": [
        1.9440735973514214
    ],
    "dend_1": [
        1.9563865493622765
    ],
    "dend_2": [
        2.093014880536666,
        2.3446696982725213,
        2.5977995025642593,
        2.8521644801250843,
        3.1073619426299137
    ],
    "dend_3": [
        3.6945244547807063
    ],
    "dend_4": [
        4.209237872920013
    ],
    "dend_5": [
        2.1158505458705386
    ],
    "dend_6": [
        1.9652805637298019
    ],
    "dend_7": [
        2.0341900840230243,
        2.1729981346022353,
        2.3948385112935093,
        2.6181940361325395,
        2.84305344494097,
        3.069389596965285,
        3.297061206351362
    ],
    "dend_8": [
        3.5204161691510953
    ],
    "dend_9": [
        3.5961979514961775
    ],
    "dend_10": [
        2.1273638820269896,
        2.414887445799717,
        2.7061669040067358,
        3.0014590618957233,
        3.3011412172888477,
        3.605601582522347,
        3.9151761505367295,
        4.230090866114505,
        4.550388323202214,
        4.875860644984895,
        5.206013931176384
    ],
    "dend_11": [
        5.596351395626442
    ],
    "dend_12": [
        5.5141922505594145
    ],
    "dend_13": [
        1.953377885109565
    ],
    "dend_14": [
        1.9890333572537438,
        2.04764661764947,
        2.115973033363424
    ],
    "dend_15": [
        2.217291930350855,
        2.3719062325700544,
        2.6288597231350463,
        2.8884824207652944,
        3.1509141174084916,
        3.4162648051894444,
        3.684537522599853,
        3.955549144330979,
        4.228898578438358,
        4.503887306853357,
        4.779427763036444
    ],
    "dend_16": [
        2.3001732241413646,
        2.5796304485746626,
        2.85824575675419
    ],
    "dend_17": [
        2.0112108270224196
    ],
    "dend_18": [
        2.1079222827155557,
        2.219920862600756,
        2.4504044321038676,
        2.6842415171156935,
        2.920650496279169
    ],
    "dend_19": [
        3.2520418215759768
    ],
    "dend_20": [
        3.168746962248719,
        3.4279553207558178,
        3.68902683024027,
        3.9512989968580747,
        4.213784565017744
    ],
    "dend_21": [
        2.18517268996383,
        2.4423433583741394,
        2.6985721620720082
    ],
    "dend_22": [
        1.9766414956799012
    ],
    "dend_23": [
        2.1023112512791386
    ],
    "dend_24": [
        2.232868410767422
    ],
    "dend_25": [
        2.3520542267394853,
        2.5087820868851436,
        2.664183741277916
    ],
    "dend_26": [
        2.9359127741278965
    ],
    "dend_27": [
        3.285054366660265
    ],
    "dend_28": [
        3.6288326449081056
    ],
    "dend_29": [
        3.70020524119919
    ],
    "dend_30": [
        3.1977864028732164
    ],
    "dend_31": [
        2.9763061989877477
    ],
    "dend_32": [
        2.4051166733457374,
        2.670737309578576,
        2.938781074929037,
        3.209339984017477,
        3.4824566295398944,
        3.758009605097336,
        4.035663487992905,
        4.31475758888474,
        4.594232173213191
    ],
    "dend_33": [
        2.2134398636604518
    ],
    "dend_34": [
        2.1271169521074818,
        2.359822345237789,
        2.5940766019338466,
        2.8298543764689064,
        3.0671203279594708
    ],
    "dend_35": [
        3.3801906647262348
    ],
    "dend_36": [
        3.3528635506750173
    ],
    "dend_37": [
        1.9775193146238363,
        2.09666576469251,
        2.224589360206933,
        2.690146712826162,
        3.824292530259251
    ],
    "dend_38": [
        4.77216334121912,
        5.495496548491038,
        6.231219188600581
    ],
    "dend_39": [
        5.181935566262938
    ],
    "dend_40": [
        1.9570357077666884,
        1.9969467474996792,
        2.0793576286478,
        2.1790200309999377,
        2.3599329878885795
    ],
    "dend_41": [
        2.4957107938080023
    ],
    "dend_42": [
        2.4854663674988067
    ],
    "soma_0": [
        1.941485904511777
    ]
}