{
    "dend_0": [
        1.1887684216122165
    ],
    "dend_1": [
        1.2027059056618299
    ],
    "dend_2": [
        1.3642130757345228,
        1.6382551104759724,
        1.1017068357362885,
        1.6027234802444563,
        1.8897310088980628
    ],
    "dend_3": [
        2.2152404901430574
    ],
    "dend_4": [
        2.9222868857564843
    ],
    "dend_5": [
        1.412101445084662
    ],
    "dend_6": [
        1.210188182799602
    ],
    "dend_7": [
        1.2860346558588984,
        1.4382469543609486,
        1.6624121969200927,
        1.75019672988748,
        1.4233219020421883,
        1.682888454982948,
        1.9129770528866508
    ],
    "dend_8": [
        2.015914015415132
    ],
    "dend_9": [
        2.1381946993528103
    ],
    "dend_10": [
        1.3820224006572255,
        1.605070925094112,
        1.6922267135164473,
        1.7503178093792777,
        1.0012902096245773,
        1.3936485457017715,
        1.6068028819776528,
        1.7814697124114174,
        1.9449673547552973,
        4.11774930862605,
        3.28278723138271
    ],
    "dend_11": [
        2.837082067404604
    ],
    "dend_12": [
        2.957457329523813
    ],
    "dend_13": [
        1.1961271601666466
    ],
    "dend_14": [
        1.2287066474223574,
        1.2848641112535855,
        1.3472087880327754
    ],
    "dend_15": [
        1.4383543294114733,
        1.5726809279601313,
        1.7373745127408196,
        1.7641250282279919,
        1.3358115614437525,
        1.5894917745467658,
        1.8047728953307915,
        2.1070213128229813,
        4.286970650899442,
        3.6982779743437306,
        3.4286199662414467
    ],
    "dend_16": [
        1.5387042304432503,
        1.738901722032916,
        1.8917229544916325
    ],
    "dend_17": [
        1.2530694249703467
    ],
    "dend_18": [
        1.3499943145756448,
        1.459006528876978,
        1.6640288108078753,
        1.7924014157499808,
        1.1760497633961058
    ],
    "dend_19": [
        1.3020364673568974
    ],
    "dend_20": [
        1.411300236410448,
        1.5338298091965619,
        1.7208952753719449,
        2.294652038148051,
        2.3122575246678174
    ],
    "dend_21": [
        1.4510079200874055,
        1.7036919833384347,
        1.8608091067355141
    ],
    "dend_22": [
        1.2176953064616178
    ],
    "dend_23": [
        1.3213894127293162
    ],
    "dend_24": [
        1.3872749292285345
    ],
    "dend_25": [
        1.426194894088383,
        1.5125702628782296,
        1.6008746742459623
    ],
    "dend_26": [
        1.6110300063847358
    ],
    "dend_27": [
        1.3747151698059654
    ],
    "dend_28": [
        1.5464279066596578
    ],
    "dend_29": [
        1.6229138113701607
    ],
    "dend_30": [
        1.1497255061675125
    ],
    "dend_31": [
        1.741874675688076
    ],
    "dend_32": [
        1.4809570121438533,
        1.6574357880548474,
        1.6997016246342607,
        1.3449784893222068,
        1.6069490836556457,
        1.8411272599402264,
        2.607011584572138,
        3.6383280310362935,
        2.988661159415827
    ],
    "dend_33": [
        1.407824061858001
    ],
    "dend_34": [
        1.374959119577357,
        1.6152602338721527,
        1.7497844670542435,
        1.4122364862322028,
        1.6870716958944418
    ],
    "dend_35": [
        1.8796944327802763
    ],
    "dend_36": [
        1.8461539900795754
    ],
    "dend_37": [
        1.2296969597803893,
        1.3713463612982844,
        1.5187757657659984,
        1.4693146464536253,
        3.394901587528832
    ],
    "dend_38": [
        2.6290954616660307,
        1.9730205707258752,
        1.4641050531998325
    ],
    "dend_39": [
        2.304479635286978
    ],
    "dend_40": [
        1.2055032762505087,
        1.2558178969256306,
        1.359602949444743,
        1.4820369646142197,
        1.6745776286352387
    ],
    "dend_41": [
        1.8074938988916218
    ],
    "dend_42": [
        1.7991607310733606
    ],
    "soma_0": [
        1.1865072391397973
    ]
}