{"0": [1590.700000001404, 2952.8750000063596, 7357.699999963054], "1": [3834.6000000095673, 4829.299999999847, 4836.149999999748, 5151.274999995162], "2": [8912.049999940436, 9374.849999933702], "3": [], "4": [1362.3500000005733, 4527.875000004234], "5": [2408.450000004379, 5166.424999994942, 8401.84999994786], "6": [2255.300000003822, 2675.8000000053516, 4193.825000009095], "7": [1631.375000001552, 2752.2500000056298, 5758.599999986324], "8": [430.59999999988224, 8300.099999949342], "9": [4598.025000003213, 4750.425000000995, 5841.824999985113], "10": [], "11": [9133.79999993721], "12": [1275.7250000002582, 1529.2750000011806, 8179.524999951095], "13": [2701.950000005447, 3589.825000008677, 9831.92499992705], "14": [4160.400000009581, 5630.849999988183, 9081.374999937972], "15": [7.150000000000034, 3068.0750000067787], "16": [2460.125000004567], "17": [428.4499999998842], "18": [1038.3999999993948, 2695.6250000054238, 8093.474999952347, 8449.599999947166], "19": [1995.4500000028765, 5199.749999994457, 9199.424999936255], "20": [2226.0250000037154, 2743.6500000055985, 8262.849999949884], "21": [7235.049999964839], "22": [8107.449999952144], "23": [3870.250000009697, 5007.249999997258], "24": [8964.449999939674], "25": [5177.049999994787], "26": [3147.900000007069, 8545.824999945766], "27": [], "28": [1953.9500000027256, 5070.574999996336, 9974.024999924983], "29": [7141.774999966196, 7990.174999953851], "30": [1444.3500000008717, 2017.9250000029583, 9021.899999938838], "31": [3685.0500000090233], "32": [7112.824999966618], "33": [991.8249999993718], "34": [8002.024999953678, 9310.499999934638, 9492.774999931986], "35": [498.1499999998208, 1369.2750000005985, 4335.300000007036], "36": [32.874999999999204, 1607.3500000014647, 4373.975000006473], "37": [3138.575000007035, 5898.124999984294, 6084.074999981588], "38": [], "39": [9456.524999932513], "40": [546.1749999997771, 633.4249999996978, 1488.0750000010307, 8180.724999951078], "41": [580.4999999997459, 1552.3500000012646, 2298.82500000398], "42": [239.8000000000374, 3519.8750000084224, 4734.400000001228], "43": [70.39999999999888, 273.8500000000248, 7793.399999956714, 8360.67499994846], "44": [1473.1000000009763, 3066.3500000067725, 4243.875000008366, 7336.099999963369, 8696.799999943569], "45": [2757.4000000056485, 7920.549999954864, 8734.849999943015, 9859.074999926655], "46": [], "47": [1223.97500000007, 7689.049999958233], "48": [798.3999999995477, 8170.674999951224, 8682.97499994377], "49": [5729.274999986751, 8232.074999950331], "50": [982.82499999938, 2158.300000003469, 4557.725000003799], "51": [], "52": [4690.97500000186, 5914.6499999840535, 8950.849999939872], "53": [], "54": [1214.4500000000353, 5228.474999994039], "55": [], "56": [1949.950000002711, 8710.149999943374], "57": [632.1999999996989], "58": [1252.1750000001725, 5386.549999991738, 9696.999999929014], "59": [4489.025000004799, 5071.3249999963255, 9888.849999926222], "60": [324.9749999999783, 6629.1249999736565, 9317.524999934536], "61": [1517.6250000011382, 4735.0750000012185, 9449.22499993262], "62": [1287.3500000003005, 5036.974999996825, 9514.899999931664], "63": [1602.200000001446, 3849.2750000096207, 5939.424999983693, 6507.599999975425, 9780.4749999278], "64": [2890.2000000061316, 3876.57500000972, 5525.6249999897145, 6314.924999978229, 6951.399999968967], "65": [1016.924999999349, 3292.5250000075953], "66": [1888.0500000024858, 1903.8000000025431, 8445.17499994723], "67": [], "68": [1310.9500000003864, 1556.4250000012794, 2067.82500000314, 6819.374999970888, 7600.024999959528, 8119.274999951972], "69": [571.574999999754, 7470.7999999614085, 7952.074999954405, 8540.72499994584], "70": [505.4249999998142, 3681.40000000901], "71": [328.22499999997535, 1260.850000000204, 2545.7000000048783, 6782.374999971426], "72": [2682.3500000053755, 5533.824999989595, 6470.099999975971, 8684.799999943743, 9859.299999926652], "73": [118.20000000000975, 8745.024999942867], "74": [1851.7750000023539, 3198.125000007252, 5459.199999990681], "75": [2015.900000002951, 4582.1750000034435], "76": [], "77": [6664.749999973138, 9465.999999932375], "78": [], "79": [1589.0750000013982, 1813.1000000022132, 1890.1000000024933, 5425.899999991166, 8183.649999951035], "80": [818.3749999995296], "81": [2630.050000005185], "82": [1316.9500000004082, 3279.8750000075493, 3376.6500000079013, 7526.199999960602, 8498.17499994646], "83": [7891.099999955292, 8181.049999951073], "84": [1812.0500000022093, 8972.94999993955, 9630.174999929986], "85": [9607.774999930312], "86": [1804.2250000021809, 2002.3250000029016, 5453.624999990762, 9405.524999933255], "87": [1719.7000000018734, 8176.874999951134, 8521.399999946121], "88": [970.3249999993914, 1454.050000000907, 1794.6750000021461, 7275.174999964255], "89": [1273.6750000002507, 1819.8750000022378, 5335.199999992486], "90": [3550.9000000085352, 4972.949999997757, 5122.849999995576, 7326.599999963507, 7660.599999958647], "91": [1753.6000000019967, 2171.1250000035157], "92": [765.6499999995775, 2837.0750000059384, 3640.3250000088606], "93": [590.1249999997372, 9441.174999932737], "94": [3901.050000009809, 5531.824999989624, 8620.37499994468], "95": [9109.499999937563], "96": [4381.225000006368, 7472.699999961381], "97": [996.6749999993674, 6413.424999976795], "98": [6093.7999999814465, 7677.749999958397], "99": [2448.6750000045254, 5319.149999992719, 8224.274999950445, 9971.074999925026], "100": [5294.499999993078, 6365.67499997749, 9682.474999929225], "101": [881.4249999994722, 5636.824999988096, 7776.374999956962, 9897.624999926094], "102": [5216.274999994216], "103": [7325.949999963516], "104": [8999.699999939161], "105": [1625.9500000015323, 9214.89999993603], "106": [3316.2250000076815, 4374.625000006464, 8949.324999939894, 9405.424999933257], "107": [208.45000000003026], "108": [1434.3250000008352, 3550.1750000085326, 5436.7749999910075, 6749.024999971912, 9825.04999992715], "109": [653.8749999996792, 4169.42500000945, 7166.999999965829, 7337.749999963345, 7562.9499999600675, 7575.274999959888], "110": [7485.8499999611895], "111": [5361.199999992107], "112": [1465.3000000009479, 2635.0250000052033, 4684.525000001954, 6787.049999971358, 8566.924999945459], "113": [185.8000000000251, 881.3249999994723, 2117.30000000332, 7852.74999995585], "114": [1284.9500000002918, 9981.149999924879], "115": [7713.149999957882], "116": [527.2249999997944, 6529.599999975105, 8172.024999951204], "117": [2102.8750000032674, 4099.625000010466, 5996.824999982858, 7521.074999960677], "118": [709.5999999996285, 2389.1000000043086, 5562.124999989183, 6861.999999970268], "119": [2632.1000000051927, 8889.07499994077, 9149.824999936976], "120": [107.92500000000742, 1520.575000001149, 3733.375000009199], "121": [7158.099999965959, 7860.674999955735, 8240.799999950204], "122": [1790.1250000021296, 7756.3999999572525], "123": [875.7999999994773, 4519.100000004361], "124": [8593.62499994507, 9341.524999934187], "125": [6835.524999970653], "126": [526.0499999997954, 3338.575000007763, 8919.049999940335], "127": [1631.0250000015508, 2934.6500000062933], "128": [402.02499999990823, 1629.6500000015458, 5370.174999991977, 6808.999999971039, 6873.024999970107], "129": [6780.6499999714515, 8717.724999943264], "130": [], "131": [915.724999999441, 4707.575000001619, 8495.174999946503, 8898.349999940636], "132": [2850.8500000059885, 5455.274999990738], "133": [], "134": [5939.549999983691], "135": [1213.7500000000327, 1997.4500000028838], "136": [2242.5000000037753, 6724.674999972266, 8045.124999953051], "137": [2348.9500000041626, 3790.4500000094067], "138": [633.9749999996973, 2638.4000000052156, 4236.625000008472, 4541.475000004036], "139": [1899.9750000025292, 2632.3750000051937, 4254.350000008214, 9592.524999930534], "140": [6493.149999975635, 8863.67499994114], "141": [], "142": [6268.724999978901, 6882.924999969963], "143": [7233.724999964858, 7674.549999958444], "144": [8220.424999950501],